size,directory
759000,2011_2015/2012/
13000,2011_2015/2012/April
7100,2011_2015/2012/April/April15thNameDay
6400,2011_2015/2012/April/April15thNameDay/slides
636,2011_2015/2012/April/April15thNameDay/thumbs
1800,2011_2015/2012/April/April15thNameDayCB
1600,2011_2015/2012/April/April15thNameDayCB/slides
160,2011_2015/2012/April/April15thNameDayCB/thumbs
3100,2011_2015/2012/April/slides
284,2011_2015/2012/April/thumbs
20000,2011_2015/2012/August
18000,2011_2015/2012/August/slides
1400,2011_2015/2012/August/thumbs
32000,2011_2015/2012/December
792,2011_2015/2012/December/AnnesPics
652,2011_2015/2012/December/AnnesPics/slides
60,2011_2015/2012/December/AnnesPics/thumbs
29000,2011_2015/2012/December/slides
2300,2011_2015/2012/December/thumbs
4000,2011_2015/2012/February
3500,2011_2015/2012/February/slides
328,2011_2015/2012/February/thumbs
46000,2011_2015/2012/ingridsMobile
42000,2011_2015/2012/ingridsMobile/slides
4000,2011_2015/2012/ingridsMobile/thumbs
6800,2011_2015/2012/January
3000,2011_2015/2012/January/IngridsIphone
2600,2011_2015/2012/January/IngridsIphone/slides
252,2011_2015/2012/January/IngridsIphone/thumbs
3500,2011_2015/2012/January/slides
308,2011_2015/2012/January/thumbs
13000,2011_2015/2012/July
12000,2011_2015/2012/July/slides
916,2011_2015/2012/July/thumbs
4300,2011_2015/2012/June
3900,2011_2015/2012/June/slides
344,2011_2015/2012/June/thumbs
7700,2011_2015/2012/March
1000,2011_2015/2012/March/.jalbum
5300,2011_2015/2012/March/slides
468,2011_2015/2012/March/thumbs
48000,2011_2015/2012/May
5300,2011_2015/2012/May/SimonsPhone
4600,2011_2015/2012/May/SimonsPhone/slides
508,2011_2015/2012/May/SimonsPhone/thumbs
19000,2011_2015/2012/May/slides
23000,2011_2015/2012/May/TheTwins
3800,2011_2015/2012/May/TheTwins/northRyde
3400,2011_2015/2012/May/TheTwins/northRyde/slides
268,2011_2015/2012/May/TheTwins/northRyde/thumbs
8300,2011_2015/2012/May/TheTwins/ParraPark
7700,2011_2015/2012/May/TheTwins/ParraPark/slides
416,2011_2015/2012/May/TheTwins/ParraPark/thumbs
8200,2011_2015/2012/May/TheTwins/slides
584,2011_2015/2012/May/TheTwins/thumbs
1400,2011_2015/2012/May/TheTwins/ThursdayLasagne
1200,2011_2015/2012/May/TheTwins/ThursdayLasagne/slides
104,2011_2015/2012/May/TheTwins/ThursdayLasagne/thumbs
1600,2011_2015/2012/May/thumbs
13000,2011_2015/2012/November
12000,2011_2015/2012/November/slides
888,2011_2015/2012/November/thumbs
485000,2011_2015/2012/October
1000,2011_2015/2012/October/.jalbum
9500,2011_2015/2012/October/slides
764,2011_2015/2012/October/thumbs
7000,2011_2015/2012/September
6400,2011_2015/2012/September/slides
548,2011_2015/2012/September/thumbs
62000,2011_2015/2012/SimonsMobile
245,2011_2015/2012/SimonsMobile/.jalbum
244,2011_2015/2012/SimonsMobile/.jalbum/thumbs
12000,2011_2015/2012/SimonsMobile/slides
1016,2011_2015/2012/SimonsMobile/thumbs
418000,2011_2015/2013/
7000,2011_2015/2013/April
6300,2011_2015/2013/April/slides
556,2011_2015/2013/April/thumbs
12000,2011_2015/2013/August
11000,2011_2015/2013/August/slides
944,2011_2015/2013/August/thumbs
8800,2011_2015/2013/December
8100,2011_2015/2013/December/slides
644,2011_2015/2013/December/thumbs
6200,2011_2015/2013/February
5600,2011_2015/2013/February/slides
468,2011_2015/2013/February/thumbs
191000,2011_2015/2013/IngridMobile
63000,2011_2015/2013/IngridMobile/2012-11-14
58000,2011_2015/2013/IngridMobile/2012-11-14/slides
5300,2011_2015/2013/IngridMobile/2012-11-14/thumbs
8400,2011_2015/2013/IngridMobile/2013-03-08
7600,2011_2015/2013/IngridMobile/2013-03-08/slides
688,2011_2015/2013/IngridMobile/2013-03-08/thumbs
58000,2011_2015/2013/IngridMobile/Ingrids mobil
53000,2011_2015/2013/IngridMobile/Ingrids mobil/slides
4500,2011_2015/2013/IngridMobile/Ingrids mobil/thumbs
58000,2011_2015/2013/IngridMobile/slides
4800,2011_2015/2013/IngridMobile/thumbs
21000,2011_2015/2013/January
19000,2011_2015/2013/January/slides
1400,2011_2015/2013/January/thumbs
57000,2011_2015/2013/July
54000,2011_2015/2013/July/slides
3100,2011_2015/2013/July/thumbs
16000,2011_2015/2013/June
15000,2011_2015/2013/June/slides
1000,2011_2015/2013/June/thumbs
15000,2011_2015/2013/March
14000,2011_2015/2013/March/slides
1100,2011_2015/2013/March/thumbs
35000,2011_2015/2013/May
32000,2011_2015/2013/May/slides
2100,2011_2015/2013/May/thumbs
11000,2011_2015/2013/November
11000,2011_2015/2013/November/slides
648,2011_2015/2013/November/thumbs
8300,2011_2015/2013/October
7600,2011_2015/2013/October/slides
588,2011_2015/2013/October/thumbs
12000,2011_2015/2013/September
11000,2011_2015/2013/September/slides
740,2011_2015/2013/September/thumbs
17000,2011_2015/2013/SimonsMobile
16000,2011_2015/2013/SimonsMobile/slides
1200,2011_2015/2013/SimonsMobile/thumbs
5600,2011_2015/2013/TerraceArea
5200,2011_2015/2013/TerraceArea/slides
196,2011_2015/2013/TerraceArea/thumbs
48,2011_2015/2015/folderimage.jpg
56,2011_2015/2015/folderthumb.jpg
12,2011_2015/2015/index.html
3500,2011_2015/2015/September/
2500,2011_2015/2015/September/Kindy
2200,2011_2015/2015/September/Kindy/slides
180,2011_2015/2015/September/Kindy/thumbs
808,2011_2015/2015/September/slides
48,2011_2015/2015/September/thumbs
3700,2011_2015/2015/SimonsMobile/
3400,2011_2015/2015/SimonsMobile/slides
252,2011_2015/2015/SimonsMobile/thumbs
36,2011_2015/folderimage.jpg
44,2011_2015/folderthumb.jpg
8000,2011_2015/index.html
1000,2011_2015/meta.properties
4000,2016_2020/2016/album.rss
4000,2016_2020/2016/albumfiles.txt
132,2016_2020/2016/April/album.rss
8000,2016_2020/2016/April/albumfiles.txt
40,2016_2020/2016/April/folderimage.jpg
44,2016_2020/2016/April/folderthumb.jpg
436,2016_2020/2016/April/IMG_3038.JPG
400,2016_2020/2016/April/IMG_3039.JPG
396,2016_2020/2016/April/IMG_3040.JPG
396,2016_2020/2016/April/IMG_3041.JPG
1600,2016_2020/2016/April/IMG_3062.JPG
1500,2016_2020/2016/April/IMG_3064.JPG
1500,2016_2020/2016/April/IMG_3066.JPG
400,2016_2020/2016/April/IMG_3068.JPG
300,2016_2020/2016/April/IMG_3071.JPG
304,2016_2020/2016/April/IMG_3075.JPG
1500,2016_2020/2016/April/IMG_3084.JPG
2000,2016_2020/2016/April/IMG_3092.JPG
1800,2016_2020/2016/April/IMG_3093.JPG
2700,2016_2020/2016/April/IMG_3094.JPG
1900,2016_2020/2016/April/IMG_3095.JPG
2600,2016_2020/2016/April/IMG_3096.JPG
2300,2016_2020/2016/April/IMG_3097.JPG
3200,2016_2020/2016/April/IMG_3098.JPG
3000,2016_2020/2016/April/IMG_3099.JPG
2800,2016_2020/2016/April/IMG_3101.JPG
2000,2016_2020/2016/April/IMG_3102.JPG
2700,2016_2020/2016/April/IMG_3103.JPG
2400,2016_2020/2016/April/IMG_3104.JPG
2800,2016_2020/2016/April/IMG_3105.JPG
2700,2016_2020/2016/April/IMG_3106.JPG
2900,2016_2020/2016/April/IMG_3107.JPG
3000,2016_2020/2016/April/IMG_3108.JPG
2900,2016_2020/2016/April/IMG_3109.JPG
1800,2016_2020/2016/April/IMG_3111.JPG
1800,2016_2020/2016/April/IMG_3112.JPG
1700,2016_2020/2016/April/IMG_3113.JPG
1700,2016_2020/2016/April/IMG_3114.JPG
1900,2016_2020/2016/April/IMG_3115.JPG
1800,2016_2020/2016/April/IMG_3116.JPG
1800,2016_2020/2016/April/IMG_3117.JPG
1600,2016_2020/2016/April/IMG_3120.JPG
2100,2016_2020/2016/April/IMG_3123.JPG
2100,2016_2020/2016/April/IMG_3124.JPG
2700,2016_2020/2016/April/IMG_3125.JPG
2600,2016_2020/2016/April/IMG_3126.JPG
2700,2016_2020/2016/April/IMG_3127.JPG
2700,2016_2020/2016/April/IMG_3128.JPG
2700,2016_2020/2016/April/IMG_3129.JPG
1600,2016_2020/2016/April/IMG_3130.JPG
1700,2016_2020/2016/April/IMG_3131.JPG
2100,2016_2020/2016/April/IMG_3133.JPG
2100,2016_2020/2016/April/IMG_3134.JPG
2200,2016_2020/2016/April/IMG_3135.JPG
2300,2016_2020/2016/April/IMG_3136.JPG
2600,2016_2020/2016/April/IMG_3137.JPG
2600,2016_2020/2016/April/IMG_3138.JPG
2400,2016_2020/2016/April/IMG_3139.JPG
2000,2016_2020/2016/April/IMG_3140.JPG
2700,2016_2020/2016/April/IMG_3141.JPG
3000,2016_2020/2016/April/IMG_3142.JPG
2300,2016_2020/2016/April/IMG_3144.JPG
2200,2016_2020/2016/April/IMG_3145.JPG
2100,2016_2020/2016/April/IMG_3146.JPG
2800,2016_2020/2016/April/IMG_3147.JPG
2600,2016_2020/2016/April/IMG_3148.JPG
2100,2016_2020/2016/April/IMG_3149.JPG
2100,2016_2020/2016/April/IMG_3150.JPG
2100,2016_2020/2016/April/IMG_3151.JPG
1300,2016_2020/2016/April/IMG_3265.JPG
1500,2016_2020/2016/April/IMG_3267.JPG
1600,2016_2020/2016/April/IMG_3268.JPG
1500,2016_2020/2016/April/IMG_3269.JPG
1600,2016_2020/2016/April/IMG_3270.JPG
2100,2016_2020/2016/April/IMG_3272.JPG
1300,2016_2020/2016/April/IMG_3278.JPG
3900,2016_2020/2016/April/IMG_3279.JPG
3500,2016_2020/2016/April/IMG_3280.JPG
2400,2016_2020/2016/April/IMG_3300.JPG
2800,2016_2020/2016/April/IMG_3301.JPG
2200,2016_2020/2016/April/IMG_3302.JPG
2900,2016_2020/2016/April/IMG_3303.JPG
2900,2016_2020/2016/April/IMG_3304.JPG
1300,2016_2020/2016/April/IMG_3305.JPG
1300,2016_2020/2016/April/IMG_3306.JPG
1700,2016_2020/2016/April/IMG_3311.JPG
1600,2016_2020/2016/April/IMG_3312.JPG
1700,2016_2020/2016/April/IMG_3313.JPG
1700,2016_2020/2016/April/IMG_3314.JPG
1800,2016_2020/2016/April/IMG_3315.JPG
1800,2016_2020/2016/April/IMG_3316.JPG
1700,2016_2020/2016/April/IMG_3317.JPG
1800,2016_2020/2016/April/IMG_3318.JPG
1700,2016_2020/2016/April/IMG_3319.JPG
1700,2016_2020/2016/April/IMG_3320.JPG
1700,2016_2020/2016/April/IMG_3321.JPG
1600,2016_2020/2016/April/IMG_3322.JPG
1600,2016_2020/2016/April/IMG_3323.JPG
1900,2016_2020/2016/April/IMG_3325.JPG
1800,2016_2020/2016/April/IMG_3326.JPG
1600,2016_2020/2016/April/IMG_3328.JPG
1600,2016_2020/2016/April/IMG_3329.JPG
1500,2016_2020/2016/April/IMG_3331.JPG
2200,2016_2020/2016/April/IMG_3332.JPG
2300,2016_2020/2016/April/IMG_3333.JPG
2000,2016_2020/2016/April/IMG_3366.JPG
2100,2016_2020/2016/April/IMG_3367.JPG
1800,2016_2020/2016/April/IMG_3368.JPG
2100,2016_2020/2016/April/IMG_3369.JPG
2000,2016_2020/2016/April/IMG_3370.JPG
1900,2016_2020/2016/April/IMG_3371.JPG
2100,2016_2020/2016/April/IMG_3372.JPG
2200,2016_2020/2016/April/IMG_3374.JPG
2200,2016_2020/2016/April/IMG_3375.JPG
1500,2016_2020/2016/April/IMG_3377.JPG
1800,2016_2020/2016/April/IMG_3378.JPG
1900,2016_2020/2016/April/IMG_3379.JPG
1800,2016_2020/2016/April/IMG_3380.JPG
1800,2016_2020/2016/April/IMG_3381.JPG
1300,2016_2020/2016/April/IMG_3382.JPG
1800,2016_2020/2016/April/IMG_3383.JPG
1600,2016_2020/2016/April/IMG_3385.JPG
1100,2016_2020/2016/April/IMG_3386.JPG
1500,2016_2020/2016/April/IMG_3387.JPG
1500,2016_2020/2016/April/IMG_3389.JPG
1500,2016_2020/2016/April/IMG_3390.JPG
1200,2016_2020/2016/April/IMG_3392.JPG
1200,2016_2020/2016/April/IMG_3393.JPG
1200,2016_2020/2016/April/IMG_3394.JPG
1200,2016_2020/2016/April/IMG_3395.JPG
1200,2016_2020/2016/April/IMG_3396.JPG
1600,2016_2020/2016/April/IMG_3401.JPG
1500,2016_2020/2016/April/IMG_3402.JPG
1600,2016_2020/2016/April/IMG_3405.JPG
1600,2016_2020/2016/April/IMG_3406.JPG
1700,2016_2020/2016/April/IMG_3409.JPG
1600,2016_2020/2016/April/IMG_3410.JPG
1600,2016_2020/2016/April/IMG_3411.JPG
2000,2016_2020/2016/April/IMG_3423.JPG
2000,2016_2020/2016/April/IMG_3425.JPG
2900,2016_2020/2016/April/IMG_3427.JPG
2600,2016_2020/2016/April/IMG_3429.JPG
1700,2016_2020/2016/April/IMG_3430.JPG
2000,2016_2020/2016/April/IMG_3432.JPG
2100,2016_2020/2016/April/IMG_3434.JPG
2000,2016_2020/2016/April/IMG_3439.JPG
1800,2016_2020/2016/April/IMG_3440.JPG
1700,2016_2020/2016/April/IMG_3454.JPG
2200,2016_2020/2016/April/IMG_3464.JPG
2300,2016_2020/2016/April/IMG_3465.JPG
1400,2016_2020/2016/April/IMG_3468.JPG
1500,2016_2020/2016/April/IMG_3473.JPG
1900,2016_2020/2016/April/IMG_3483.JPG
1900,2016_2020/2016/April/IMG_3490.JPG
4600,2016_2020/2016/April/IMG_5125.JPG
4600,2016_2020/2016/April/IMG_5126.JPG
4800,2016_2020/2016/April/IMG_5127.JPG
4500,2016_2020/2016/April/IMG_5128.JPG
4500,2016_2020/2016/April/IMG_5129.JPG
4700,2016_2020/2016/April/IMG_5130.JPG
4800,2016_2020/2016/April/IMG_5131.JPG
6100,2016_2020/2016/April/IMG_5132.JPG
5400,2016_2020/2016/April/IMG_5133.JPG
5000,2016_2020/2016/April/IMG_5134.JPG
5400,2016_2020/2016/April/IMG_5135.JPG
4600,2016_2020/2016/April/IMG_5136.JPG
4600,2016_2020/2016/April/IMG_5137.JPG
6800,2016_2020/2016/April/IMG_5138.JPG
5400,2016_2020/2016/April/IMG_5139.JPG
8000,2016_2020/2016/April/IMG_5140.JPG
6300,2016_2020/2016/April/IMG_5141.JPG
5900,2016_2020/2016/April/IMG_5142.JPG
5800,2016_2020/2016/April/IMG_5143.JPG
7500,2016_2020/2016/April/IMG_5144.JPG
7900,2016_2020/2016/April/IMG_5145.JPG
4800,2016_2020/2016/April/IMG_5146.JPG
7500,2016_2020/2016/April/IMG_5147.JPG
4800,2016_2020/2016/April/IMG_5148.JPG
7400,2016_2020/2016/April/IMG_5149.JPG
8400,2016_2020/2016/April/IMG_5150.JPG
9200,2016_2020/2016/April/IMG_5151.JPG
5100,2016_2020/2016/April/IMG_5152.JPG
6900,2016_2020/2016/April/IMG_5153.JPG
6000,2016_2020/2016/April/IMG_5154.JPG
7000,2016_2020/2016/April/IMG_5155.JPG
6100,2016_2020/2016/April/IMG_5156.JPG
5900,2016_2020/2016/April/IMG_5157.JPG
92,2016_2020/2016/April/index.html
27000,2016_2020/2016/April/slides/
2100,2016_2020/2016/April/thumbs/
384000,2016_2020/2016/August/
1000,2016_2020/2016/August/.jalbum
24000,2016_2020/2016/August/slides
1900,2016_2020/2016/August/thumbs
0,2016_2020/2016/comments.properties
978000,2016_2020/2016/December/
165,2016_2020/2016/December/.jalbum
164,2016_2020/2016/December/.jalbum/cache
22000,2016_2020/2016/December/slides
1700,2016_2020/2016/December/thumbs
223000,2016_2020/2016/February/
1000,2016_2020/2016/February/.jalbum
8900,2016_2020/2016/February/slides
940,2016_2020/2016/February/thumbs
36,2016_2020/2016/folderimage.jpg
28,2016_2020/2016/folderthumb.jpg
1000,2016_2020/2016/humans.txt
12,2016_2020/2016/index.html
217000,2016_2020/2016/January/
237,2016_2020/2016/January/.jalbum
232,2016_2020/2016/January/.jalbum/cache
13000,2016_2020/2016/January/slides
1200,2016_2020/2016/January/thumbs
550000,2016_2020/2016/July/
549,2016_2020/2016/July/.jalbum
544,2016_2020/2016/July/.jalbum/cache
37000,2016_2020/2016/July/slides
2900,2016_2020/2016/July/thumbs
121000,2016_2020/2016/June/
1000,2016_2020/2016/June/.jalbum
4500,2016_2020/2016/June/slides
376,2016_2020/2016/June/thumbs
470000,2016_2020/2016/March/
165,2016_2020/2016/March/.jalbum
160,2016_2020/2016/March/.jalbum/cache
24000,2016_2020/2016/March/slides
1800,2016_2020/2016/March/thumbs
37000,2016_2020/2016/May/
1000,2016_2020/2016/May/.jalbum
15000,2016_2020/2016/May/slides
1300,2016_2020/2016/May/thumbs
5100,2016_2020/2016/November/
4600,2016_2020/2016/November/slides
444,2016_2020/2016/November/thumbs
2700,2016_2020/2016/October/
2300,2016_2020/2016/October/slides
220,2016_2020/2016/October/thumbs
1200,2016_2020/2016/res/
1000,2016_2020/2016/robots.txt
4600,2016_2020/2016/September/
4100,2016_2020/2016/September/slides
372,2016_2020/2016/September/thumbs
3000000,2016_2020/2017/
32,2016_2020/2017/.jalbum
0,2016_2020/2017/.jalbum/cache
313000,2016_2020/2017/April
1000,2016_2020/2017/April/.jalbum
16000,2016_2020/2017/April/slides
1200,2016_2020/2017/April/thumbs
446000,2016_2020/2017/August
1000,2016_2020/2017/August/.jalbum
17000,2016_2020/2017/August/slides
1100,2016_2020/2017/August/thumbs
15000,2016_2020/2017/December
14000,2016_2020/2017/December/slides
1100,2016_2020/2017/December/thumbs
184000,2016_2020/2017/February
1000,2016_2020/2017/February/.jalbum
0,2016_2020/2017/February/.jalbum/cache
7700,2016_2020/2017/February/slides
684,2016_2020/2017/February/thumbs
323000,2016_2020/2017/January
1000,2016_2020/2017/January/.jalbum
0,2016_2020/2017/January/.jalbum/cache
11000,2016_2020/2017/January/slides
896,2016_2020/2017/January/thumbs
685000,2016_2020/2017/July
1000,2016_2020/2017/July/.jalbum
34000,2016_2020/2017/July/slides
2000,2016_2020/2017/July/thumbs
589000,2016_2020/2017/June
1000,2016_2020/2017/June/.jalbum
23000,2016_2020/2017/June/slides
1600,2016_2020/2017/June/thumbs
258000,2016_2020/2017/March
1000,2016_2020/2017/March/.jalbum
0,2016_2020/2017/March/.jalbum/cache
11000,2016_2020/2017/March/slides
784,2016_2020/2017/March/thumbs
529000,2016_2020/2017/May
1000,2016_2020/2017/May/.jalbum
25000,2016_2020/2017/May/slides
1900,2016_2020/2017/May/thumbs
4400,2016_2020/2017/November
3900,2016_2020/2017/November/slides
380,2016_2020/2017/November/thumbs
4400,2016_2020/2017/October
4000,2016_2020/2017/October/slides
380,2016_2020/2017/October/thumbs
1200,2016_2020/2017/res
372,2016_2020/2017/September
308,2016_2020/2017/September/slides
20,2016_2020/2017/September/thumbs
189000,2016_2020/2018/
8000,2016_2020/2018/April
153000,2016_2020/2018/February
143000,2016_2020/2018/February/slides
9600,2016_2020/2018/February/thumbs
2200,2016_2020/2018/January
1900,2016_2020/2018/January/slides
152,2016_2020/2018/January/thumbs
27000,2016_2020/2018/July
25000,2016_2020/2018/July/slides
1400,2016_2020/2018/July/thumbs
5300,2016_2020/2018/June
4800,2016_2020/2018/June/slides
364,2016_2020/2018/June/thumbs
1600,2016_2020/2018/March
1400,2016_2020/2018/March/slides
140,2016_2020/2018/March/thumbs
36,2016_2020/folderimage.jpg
28,2016_2020/folderthumb.jpg
8000,2016_2020/index.html
"8,000.00",TOTAL
,
"14,060,901.00",
